{"cameraMode":{"drawMode":0,"name":"Shaded","section":"Shading Mode"},"sceneLighting":false,"audioPlay":false,"sceneViewState":{"showFog":true,"showMaterialUpdate":false,"showSkybox":false,"showFlares":true,"showImageEffects":true,"showParticleSystems":true},"in2DMode":false,"pivot":{"x":1.804694652557373,"y":-0.5508215427398682,"z":1.0485334396362305},"rotation":{"x":-0.41914981603622439,"y":0.29050037264823916,"z":-0.1435689628124237,"w":-0.8481220602989197},"size":4.500057220458984,"orthographic":false}