{"cameraMode":{"drawMode":0,"name":"Shaded","section":"Shading Mode"},"sceneLighting":false,"audioPlay":false,"sceneViewState":{"showFog":true,"showMaterialUpdate":false,"showSkybox":false,"showFlares":true,"showImageEffects":true,"showParticleSystems":true},"in2DMode":false,"pivot":{"x":0.5721465349197388,"y":2.1722819805145265,"z":-0.18847918510437013},"rotation":{"x":0.035946182906627658,"y":-0.04795273765921593,"z":-0.001727683120407164,"w":-0.9982011318206787},"size":3.3000569343566896,"orthographic":false}