{"cameraMode":{"drawMode":0,"name":"Shaded","section":"Shading Mode"},"sceneLighting":false,"audioPlay":false,"sceneViewState":{"showFog":true,"showMaterialUpdate":false,"showSkybox":false,"showFlares":true,"showImageEffects":true,"showParticleSystems":true},"in2DMode":false,"pivot":{"x":0.5718421339988709,"y":1.256335735321045,"z":0.9647960662841797},"rotation":{"x":-0.33956602215766909,"y":-0.015521046705543995,"z":0.005603313911706209,"w":-0.9404374957084656},"size":4.800057411193848,"orthographic":false}