{"cameraMode":{"drawMode":0,"name":"Shaded","section":"Shading Mode"},"sceneLighting":false,"audioPlay":false,"sceneViewState":{"showFog":true,"showMaterialUpdate":false,"showSkybox":false,"showFlares":true,"showImageEffects":true,"showParticleSystems":true},"in2DMode":false,"pivot":{"x":296.7497253417969,"y":325.82073974609377,"z":4.7938232421875},"rotation":{"x":0.0014956895029172302,"y":-0.0000023013160443952076,"z":-8.679454595039715e-7,"w":-0.999998927116394},"size":22.0,"orthographic":false}