{"cameraMode":{"drawMode":0,"name":"Shaded","section":"Shading Mode"},"sceneLighting":false,"audioPlay":false,"sceneViewState":{"showFog":true,"showMaterialUpdate":false,"showSkybox":false,"showFlares":true,"showImageEffects":true,"showParticleSystems":true},"in2DMode":false,"pivot":{"x":-0.39786696434020998,"y":0.8904540538787842,"z":-6.548526763916016},"rotation":{"x":0.18161652982234956,"y":0.8069753646850586,"z":-0.3148585557937622,"w":0.4654785394668579},"size":5.617889881134033,"orthographic":false}