{"cameraMode":{"drawMode":0,"name":"Shaded","section":"Shading Mode"},"sceneLighting":false,"audioPlay":false,"sceneViewState":{"showFog":true,"showMaterialUpdate":false,"showSkybox":false,"showFlares":true,"showImageEffects":true,"showParticleSystems":true},"in2DMode":false,"pivot":{"x":-0.3675382137298584,"y":-2.7330939769744875,"z":1.4624145030975342},"rotation":{"x":-0.4231240749359131,"y":0.062434401363134387,"z":-0.029241787269711496,"w":-0.9034450650215149},"size":7.088685035705566,"orthographic":false}